Fecha,Pregunta,Respuesta,Sirvio
2026-09-02 16:26:32,"k onda, kien es el jefe de info?",¡Hola! El jefe de información es Jessica Martínez Marín. Ella está en la oficina de Secretaría General y su trabajo es apoyar al Departamento de Acreditaciones. Puedes comunicarte con ella al teléfono (55) 5622 8370 ext. 133 o escribirle en jmarin@fca.unam.mx.,PENDIENTE
2026-09-02 16:46:11,"k onda, kien es el jefe de info?",El jefe de la información es Jessica Martínez Marín. Ella está en la oficina de Secretaría General.,PENDIENTE
2026-09-02 16:49:33,kien es el coordinador de informatica,El coordinador de Informática es Raúl Esteban Cruz Quiroz. Puede comunicarse con él a través del teléfono 5623 7000 ext. 46244 o enviándole un correo electrónico a rcruz@fca.unam.mx.,SI
2026-09-02 16:54:30,quien es el jefe de informatica,"El jefe de la facultad de Informática no está especificado en la información proporcionada. Sin embargo, Raúl Esteban Cruz Quiroz se desempeña como Coordinador de Informática en la oficina de Coordinación de Informática, lo que podría sugerir un rol ejecutivo o de liderazgo dentro de esa área. Si necesitas información sobre el jefe de la facultad en su conjunto, podrías contactar al departamento directamente.",NO
2026-09-02 17:10:15,quien es el jefe de informatica,"El jefe de la licenciatura en Informática es Gabriel Guevara Gutiérrez, quien ocupa el cargo de Jefe de la Licenciatura en Informática.",SI
2026-09-02 17:32:56,quien es el jefe de la licenciatura en informatica,El jefe de la licenciatura en Informática es Gabriel Guevara Gutiérrez.,PENDIENTE
2026-09-03 10:18:41,Dime información de la doctora Adriana del area de informatica,"La doctora Adriana García Vargas es la Jefa del Centro de Informática en la universidad. Su teléfono es (55) 5622 8415 y su correo electrónico es agarcia@fca.unam.mx, jefatura-cifca@fca.unam.mx.",PENDIENTE
2026-09-03 11:27:54,me puedes decir los requerimientos que debe de llevar el documento para la titulación por diseño,"Claro, para la titulación por Diseño, según la información proporcionada, el documento que debes llevar debe cumplir con los siguientes requerimientos:

1. Fotografía digital reciente, a color y sin filtros, de frente abarcando de la cabeza a los hombros.
2. Historia académica actualizada con el 100% de créditos, de acuerdo con tu plan de estudios.
3. Si cursaste el bachillerato en la UNAM, el certificado de estudios de nivel bachillerato, que indique ""íntegramente"".
4. Para planes 2012 y posteriores (excepto Negocios Internacionales), el certificado de estudios profesionales de la licenciatura, que diga ""íntegramente"".
5. Constancia de término de servicio social original, impresa a color en hoja opalina y sellada por el departamento de Servicio Social (no carta, ni ecosistema).
6. Constancia de actividades extracurriculares (deportivas, culturales y de apoyo comunitario) para los alumnos de Negocios Internacionales.
7. Acta de nacimiento original o copia certificada emitida por el Registro Civil en perfecto estado (no rota, ni tachada, ni enmendada, ni subrayada, ni sellada por otras instancias).

Además, debes llenar el formato de Protesta Universitaria. Todos estos documentos deben estar presentados de forma física y en original, según se solicita por la Coordinación de Diplomados Presenciales y Seminarios. Es importante asegurarse de que cada documento esté completo y en regla antes de proceder con el trámite.",PENDIENTE
2026-09-03 12:26:10,me puedes decir la estructura del documento que se debe de entregar para la titulacion por proyecto o diseño de sistema,"Para la titulación por proyecto o diseño de sistema, el documento que se debe entregar tiene una estructura específica que incluye varias partes. Aquí te describo la estructura en detalle:

1. **Portada**: Debe contener los escudos de la Universidad Nacional Autónoma de México (UNAM) y de la Facultad de Contaduría y Administración (FCA). A continuación, se indica el título del trabajo escrito, el nombre completo del alumnado, el lugar y fecha de la presentación, y una protesta de integridad y honestidad académica y profesional.

2. **Protesta Universitaria de Integridad y Honestidad Académica y Profesional**: Se incluye en el trabajo escrito en la parte interior y posterior a la portada.

3. **Portadilla**: Debe contener los escudos de la UNAM y la FCA con el mismo orden de información que en la portada.

4. **Dedicatorias**: Es un apartado opcional donde se pueden incluir dedicatorias.

5. **Agradecimientos**: Se refiere a la institución, la universidad, los profesores, en formato libre.

6. **Índice**: Contiene los capítulos o apartados del trabajo, con cada uno numerado y referenciado.

7. **Introducción**: Describe el contenido del trabajo, incluyendo el planteamiento del problema, justificación del tema, objetivos, alcances, limitaciones, y aportaciones. Se estructura en capitulos o apartados.

8. **Capítulo I**: Breve historia de la organización, objetivos, misión, visión, valores, políticas, y organigramas de la organización. Se elaborará un organigrama general y uno específico del área en la cual se realiza el trabajo.

9. **Capítulo II**: Diagnóstico del problema o necesidad de un área en específico de la organización, con marco teórico para detectar y delimitar el problema.

10. **Capítulo III**: Propuesta de solución o mejora",PENDIENTE
2026-09-30 12:11:23,Jefe de la licenciatura en informatica,"La universidad ofrece la licenciatura de Informática, con un perfil El Licenciado en Informática es el profesional que planea, dirige y controla el desarrollo
        y funcionamiento óptimo de los centros de información y los recursos informáticos, mediante
        la aplicación de técnicas y metodologías para la evaluación, selección e implantación de
        arquitecturas tecnológicas., conocimientos ['Analizar corrientes teóricas administrativas considerando la cultura organizacional\n          del país.', 'Aplicar técnicas de manejo automatizado de información, definiendo estrategias\n          adecuadas para cada organización.', 'Integrar conocimientos de contabilidad, administración, derecho, economía,\n          informática, matemáticas, psicología y sociología.'], habilidades ['Desarrollar una visión integral de los objetivos y estrategias organizacionales', 'Aplicar conocimientos de forma crítica en el ejercicio profesional', 'Conducir grupos y participar en equipos multidisciplinarios', 'Negociar para promover acciones que beneficien a la organización', 'Operar sistemas de cómputo y comunicación acordes a los avances tecnológicos', 'Fundamentar decisiones mediante el análisis e integración de información', 'Aplicar criterios críticos para atender necesidades sociales', 'Utilizar metodología de investigación para sustentar decisiones', 'Diseñar métodos y procedimientos de control interno', 'Mantenerse actualizado de manera permanente'] y actitudes ['Respeto y compromiso en el ámbito social, profesional y personal', 'Vocación de servicio', 'Aprendizaje permanente', 'Responsabilidad', 'Capacidad de análisis y reflexión', 'Actitud propositiva en su desempeño profesional'].",PENDIENTE
2026-09-30 12:30:11,quien es el jefe de la licenciatura de informatica,"En la oficina de Jefatura de la Licenciatura en Informática, el contacto es Gabriel Guevara Gutiérrez con el cargo de Jefe de la Licenciatura en Informática. Su teléfono es 5622 8406 ext. 209 y su correo electrónico es gguevara@fca.unam.mx, glgarcia@fca.unam.mx.",PENDIENTE
2026-09-30 13:41:17,que necesitas para iniciar el proceso de inscripción para la titulación por diseño,"Para iniciar el proceso de inscripción para la titulación por Diseño, necesitas los siguientes documentos y cumplir con ciertos requisitos:

1. Certificado de estudios de nivel bachillerato con la leyenda ""íntegramente"" si cursaste el bachillerato en la UNAM.
2. Certificado de estudios profesionales de la licenciatura con la leyenda ""íntegramente"", al cual debes solicitar en la oficina de Servicios Escolares de la FCA.
3. Si cursaste el plan 85 o anterior, debes tramitar el certificado al finalizar el Tesis o Diseño de un sistema o Proyecto, ya que este deberá aparecer como asignatura dentro de tu historia académica.
4. Solicitar el trámite de titulación (revisión de estudios) autorizado por la DGAE, y verificar que tenga fecha en el renglón 10.
5. Fotografía digital reciente, a color y sin filtros, tomada con celular del pecho hacia arriba.
6. Historia académica actualizada con el 100% de créditos, de acuerdo con tu plan de estudios.
7. Si cursaste el plan 2012 y posteriores (excluyendo Negocios Internacionales), debes tener el registro como asignatura de Actividades extracurriculares, Idioma inglés, Servicio social, y para planes 93, 98 y 2006, solo el Idioma inglés como asignatura.
8. Si no tienes alguno de los requisitos anteriores en tu historia académica, debes solicitar información en Administración Escolar de la FCA.

Una vez que hayas recopilado todos los documentos necesarios, puedes proceder con el registro en la plataforma correspondiente, siguiendo las instrucciones proporcionadas por la facultad.",PENDIENTE
2026-09-30 15:47:03,quien es el jefe de la licenciatura en informatica,"El jefe de la Licenciatura en Informática es Gabriel Guevara Gutiérrez. Si necesitas contactarlo, puedes llamar al número de teléfono 5622 8406 ext. 209 o enviar un correo electrónico a gguevara@fca.unam.mx o glgarcia@fca.unam.mx.",PENDIENTE
2026-09-30 16:07:47,que necesito si ya pase el examen de ingles,"Si ya has pasado el examen de inglés, no necesitas aprobar el examen de conocimiento de la lengua española antes de ingresar a la universidad, según lo especificado en el artículo 15. Sin embargo, deberás cumplir con otros requisitos de admisión como mencionan en el documento, como el certificado de enseñanza secundaria y de estudios de bachillerato, aprobar un examen médico, obtener la calificación mínima requerida, completar los requisitos previos de admisión señalados por los Consejos Técnicos, y cumplir con las edades mínimas para la carrera específica en la que deseas inscribirte. También es importante tener en cuenta el cupo y los requisitos limitativos de las inscripciones de la universidad para el año en curso.",PENDIENTE
